file	bytes	sha256
.htaccess	28	98ffdb0e30a0a6e638a18e154181e33bfb133ff38d4d977485cd988915a2d816
admin/config.yml	12698	a0f48cd0d984e6cd55178b503f6b0dcadc4a4af17a8fcf8d7e2da982cff417e4
assets/favicons/favicon-16x16.png	1351	f505fc8a723e1f9eb5f28f62919cff23fb84b634528e9346c7b5bb51143f293f
assets/favicons/favicon-16x16.webp	512	0181968245da120aa0c60a6a4e87740203fa9429ff3de88b190461f668faf73f
assets/favicons/favicon-32x32.png	3603	73b2b88293bf2665fc9b9dddf5eec61b710e3ec2aa328440345ed2230e1b4768
assets/favicons/favicon-32x32.webp	1364	976b53bee10f8d06e43cf74005768d842741ffd6d0c07a8f8a5f8a4181ac27d9
assets/favicons/favicon.png	65935	47bf00f53c7483ad8070b3d3207e84c5c2232bfec4d9a75fe52a69b873a6dc29
assets/favicons/favicon.webp	17762	f54e797d27ed605ca4c904988bc1c79c2ad967afe9c479077b7cd7a93d0e95a3
assets/favicons/site.webmanifest	442	c09de423faa40fb080bcd6a30190eec39f85ab2cf4e847e8f87a9f840b6b400b
assets/images/director-photo.jpg	51035	721283855835d64bc1acc6f632479839e27095a19935fea574685f725c146d5f
assets/images/director-photo.webp	34366	4d9b9549ba132eabf2c608c94c385252f874f0fa1af2cb9481b3db5b193094a1
assets/images/logo.png	22716	2b2e689c27f77d06ee61d8d1587eaa0d21ac06cd39028bccd0706a0433dbf649
assets/images/logo.webp	7144	dc2aafb219cbfc8df7be1b2e864cfe9a4cfb53f34676b068c97950f096b0a685
assets/images/news/ai-tyutor.jpg	206760	ac4135ecf0f63a90cfa13d8da1a496c7de53950344ca7161a3ec8ce12e7c555e
assets/images/news/ai-tyutor.webp	172494	de7224f77e701afdbe0bc1f13ed30f9d5664d3aa664da1ac2ec6d3c5a44e5f4a
assets/images/news/diktant-pobedy-2026.jpg	0	e3b0c44298fc1c149afbf4c8996fb92427ae41e4649b934ca495991b7852b855
assets/images/news/diktant-pobedy-2026.webp	10374	b9492b2b277f208db9a3f2dc8f4dd1f794c50a0e13887a22d7f306d035f33b5b
assets/images/news/festival.jpg	14489	4076b6c1e74ecd83dd82bf8aeb514aa3936b9bc4ae92acfbd00556bc3a37292b
assets/images/news/festival.webp	9430	0ae244d02f04531ccea0546c91fb52e85f465ee011d31fdf3ab13452e0e858c7
assets/images/news/ix-chteniya.jpg	68058	1201b1b2955174a79542e4958267c1a8c67909aab5bc2f24621d13e35d2cfa85
assets/images/news/ix-chteniya.webp	38350	2542c68cc1af9400138463c2c7c4a46d357e68d4a3d5c64f9b115940c36057a7
assets/images/news/kulich-konkurs.jpg	104393	f9b8f60d0b6b7bfab9da782802a83f7840ab23d486afc4e2a04573662b8f6fb7
assets/images/news/kulich-konkurs.webp	81388	51cd0a57464136d4219d4cf1b12a51ac006ac4606931cea00f23b240947a5b7d
assets/images/news/lekciya.jpg	10470	1be4c752270f9b4bf0ba342d6071708f4d09162f438af3aac3f5095eccfe3886
assets/images/news/lekciya.webp	7242	a7bda8620dc5c498d528f942ead2cb46bf09de5e06ce3c8c705f86966637084d
assets/images/news/olimpiada-avtomatika.jpg	94662	b117116882af8380e09a0ac6a81782bd7ac9fc756230b789294ca0089a734c67
assets/images/news/olimpiada-avtomatika.webp	51774	ca5890bfc54160c0580dd6a904e758a951140a2d04803d70c26d992041852df1
assets/images/news/pamyat.jpg	12783	07e4ec74955e16c073ad5e9d3e756ffe0744adffaa853bd5c9847b45dda795b7
assets/images/news/pamyat.webp	8044	2e41fcdf695a4cb9e991df19ea1642b59f44b29eb70a32248d586be782f1671c
assets/images/news/razgovory-o-vazhnom.jpg	55707	b364cd98b302ca9fb5dfd1c929d89ad592962291987e586e994c53a68d2d3503
assets/images/news/razgovory-o-vazhnom.webp	37578	a1ce39d064d0e4f608d3d66757144e03bba74d295f9a09816594094dc48b72fb
assets/images/og-image.png	25980	607c053d6dfe098233241d89844e396cd433048eea1f9dab94ccf7b8f59ffb58
assets/images/og-image.svg	648	e84cee3a2975c0ac4684bc993a9cbcc0ac62388a2ba168ed680e8bb920b11d57
assets/images/og-image.webp	15182	796581d60ad9d668ed4bd562ad4ffafa65e8e495c6eb50e72474ec783319cb68
assets/images/privetstvie-abiturientov-2026.png	737750	ebcd0207179d7ccb0e1aaef010f00cceba3257df7c710fa859bf9b1c49b8a896
assets/images/privetstvie-abiturientov-2026.webp	99324	d237fd1786fb7b0dd84ea16d03952dcfc11fe6c065b01e9a2de58f14dd02a733
assets/images/raspisanie-placeholder.gif	44706	7d36225c680556315e58f09e8a29ae31390bfaa5d4a89af7fbec4772580f7cd4
assets/images/vypusknikam/blagodarnost-sojuza-rabotodatelej-1.jpg	48661	104a2cf35fa865d9fd080c1e8412e8e3b1be4ef79cdc6e7a0b4257c6bd40c581
assets/images/vypusknikam/blagodarnost-sojuza-rabotodatelej-1.webp	3496	d5d2d6ad7ee70d28575ce696b787a37a2b438ac5e97b6c9f2295c61a3a8e78a6
assets/images/vypusknikam/bud-vostrebovannym-1.jpg	100714	655d237f77d60254d417be08a56237af0f6bd6afde2c58621f55bbe17574057f
assets/images/vypusknikam/bud-vostrebovannym-1.webp	14208	833cdd3c2f888e0aac3904102bcf8738d340074d8e9a5c5ba2b05a1eba805902
assets/images/vypusknikam/centr-karjery-1.jpg	22836	a0ccba88b4ee88703fdb1b56dbda2d644c9c3b07ca2f9ad2471fec83a6fab27a
assets/images/vypusknikam/centr-karjery-1.webp	16532	2384c81eaca06caba75ffbcfd26d8ccc275c1ed6583f272259ef6e4fe0854982
assets/images/vypusknikam/den-otkrytyh-dverej-2015-1.png	594554	abf0920c7f7df5e9bb703181e004fd47abfc54d1b6dcb87cee24b10971918660
assets/images/vypusknikam/den-otkrytyh-dverej-2015-1.webp	49630	24e4a21dc0ddb41edb2979bf45a890011a44a2d6fd093d821dcf8451e2c6c051
assets/images/vypusknikam/gosudarstvennaja-sluzhba-1.jpg	17545	36b307caad0f2c592b787fa3df5d204447b802a5eb1233fa1e2372179a15b17e
assets/images/vypusknikam/gosudarstvennaja-sluzhba-1.webp	6548	b2897e4efadf9cd4af3bd55ac50215481db96bc789c9c9f7474b25f4465b692c
assets/images/vypusknikam/minoborony-nabor-kursantov-1.png	158355	11d1ee0f534accfb57b3ad129ff52f5cf76918a5b487a075cafbafcd842aada8
assets/images/vypusknikam/minoborony-nabor-kursantov-1.webp	15960	757a9d14ffe5fe1251dc78efa9e6399b0cef688e8a26feb22c90a68403a0362c
assets/images/vypusknikam/molodoj-specialist-1.jpg	46961	a7aa192e14b25d36d6eeed779cf4acac76c70e542721789ade86b7e267d872b4
assets/images/vypusknikam/molodoj-specialist-1.webp	12438	49d703949d8162d54e17d51727b9f72f7a3432be1edb09b23ffb1db95bd4eeba
assets/images/vypusknikam/prezentacija-atp-1.jpeg	16916	665a07a35b591e12bcbde514ff9cfa24fefc6a7c74292e4ef4b0145a482907d5
assets/images/vypusknikam/prezentacija-atp-1.webp	7378	722713e793e656a311bc2ac3416988c041badae0fd837c0fc85a79c3ab7fc88c
assets/images/vypusknikam/prezentacija-atp-2.jpeg	7121	c60c1c1af53aaeecb58ab72a17f85aa9e32a55700343f70e209ebbada0b7e10e
assets/images/vypusknikam/prezentacija-atp-2.webp	3672	839afd9a6976c075ab69bb37890648cf518bf0ec1aa5b5c73b84de4a6d0ceb28
assets/images/vypusknikam/prezentacija-atp-3.jpeg	7662	20f4aed98df4ae1cd0aade63bd82d210ba47f2dd2f80c30bdc3f6ab86ef914e8
assets/images/vypusknikam/prezentacija-atp-3.webp	4056	f6efd89514c720a07315421b48592303801c44795b27560060b91648bcbc68be
assets/images/vypusknikam/prezentacija-atp-4.jpeg	6964	168f26cbe8339074005ee59200332a6c5b47af305ffd7a551468eb45e1bfaecf
assets/images/vypusknikam/prezentacija-atp-4.webp	3332	48d90ace02b8c2787ac1d5927831fb2f455532530297816611b0ce0044d240af
assets/images/vypusknikam/prezentacija-atp-5.jpeg	6894	2ad3386da152f82cbbff75f42b666d9679afa50a00051d497318c2b5009202e6
assets/images/vypusknikam/prezentacija-atp-5.webp	3232	f3f6de740efa385970d819fa0a2b51d288e81ddf1d0b244d81ee64254bc8c84a
assets/images/vypusknikam/prezentacija-atp-6.jpeg	7980	ed6f94ce877cade452d845c8fb762ada2d5012e34a18ca94ae36adb313ead44f
assets/images/vypusknikam/prezentacija-atp-6.webp	4392	fcbcbab0e28f5f577ba402a13c22a5b8508a4d981cd94f08570e8058d2d396f6
assets/images/vypusknikam/vnimanie-ege-1.png	27299	938f3a0e55fb0744f82e15e07e7eccde44de2a6ced0e6adc10f2fa9f171fbbe6
assets/images/vypusknikam/vnimanie-ege-1.webp	8008	8efdb7cfd851997220958cdfb0fb03bf5783155cb81bc4fa935ee5d192b7db36
assets/images/vypusknikam/yufu-nabor-studentov-1.png	7286	f17834ba309e772e5ff672e1597c8e7a4aaeac3a06ab965930639ddaa5119e13
assets/images/vypusknikam/yufu-nabor-studentov-1.webp	4470	2830edd1931c92b994c390af4bdc1b28d9d1f90ca283dc773fdd9deb6cdbc6b6
assets/js/main.js	16539	d6925f6a9e0a2228ef9383a7cf2aa47ecfdf7b4609fe6e0dbc3a57791f0884d2
assets/js/mentor-main.js	3832	ca25b2d3fa2c844e73798bd5d91a31bcfa71b527af6dbd624234b1107ec7dda1
assets/js/offcanvas-nav.js	18508	dda17a6812fa57b4ec9a38b4de1a4fd777838cc79d8f71a9c6e8a727be5f86b4
assets/js/search-modal.js	8534	38c59813867b4cc8c60c2b3f58ba8965388dd1307c437719ec03d91303e6601e
assets/js/search.js	17227	96718797ecadef23ffe259aa2ddfa54cc1727152da9eb965930dcc7e57e91c45
assets/mentor/vendor/aos/aos.css	25703	b16b49814f600ef7de2bbc7ee35624c6565f260df22e1c8b361058a67a00ee48
assets/mentor/vendor/aos/aos.js	14690	a5005b2e414770fd5ccb40bc221a12771966d02b5c1f9c89da48bd8e3811d377
assets/mentor/vendor/bootstrap-icons/bootstrap-icons.css	86827	fed57ecbc9b90566836b6c930d9d09c1b697c52a8ee8d4e58b8bcaf922858b1b
assets/mentor/vendor/bootstrap-icons/fonts/bootstrap-icons.woff	180288	f55513b7b591cb84a3b87ff0e34ea24d4831d6fedc22e54b911ca64b5b544a15
assets/mentor/vendor/bootstrap-icons/fonts/bootstrap-icons.woff2	134044	6c75710364a1ca5604267716f6d28997b26319fdb078cf11e0b42ab66ff2ea61
assets/mentor/vendor/bootstrap/css/bootstrap.min.css	232111	d85327d99c7a3ee1f9b5d0500d1370acea3ad2db39c163c2f51f232baedbdede
assets/mentor/vendor/bootstrap/js/bootstrap.bundle.min.js	80496	e4fd49181388c48ec5040bd3fe66f57c29c8e67fcd8502b3354b96ec7ab47cc7
assets/mentor/vendor/glightbox/css/glightbox.min.css	13749	6d3f62d4d17969f9c70e9438cf671004725019e868123f2ebc295a006f8d5d2d
assets/mentor/vendor/glightbox/js/glightbox.min.js	56343	c67c59cdf980793b0216c9de9c6ebf688418838822af1e50b09439e3aa289ff3
assets/mentor/vendor/php-email-form/validate.js	2649	57c05394ffde464c8cd3204889cc7bd2beaaf3cd501752d8c1c7e13c68c7e2af
assets/mentor/vendor/purecounter/purecounter_vanilla.js	5417	fee31474403c6f8d140b83d8db9d3eb855c48aea51a41bf273d1f61367c730fb
assets/mentor/vendor/swiper/swiper-bundle.min.css	14611	624482e4d866e52057130b3c185d22e14c741c87fc2b4b88869bf4996d3652c6
assets/mentor/vendor/swiper/swiper-bundle.min.js	155224	007bd5c59ac2ef31583f71def21c2943f1345dc250f1d46ca1076e5731b6cd1d
assets/template/about.jpg	92323	7014d319dc58b841e4e78c3c81c9fb22a42857f849b020223e57035180ccc98b
assets/template/hero-bg.jpg	221542	da1eba5883a7a6890cfdb6fac83fea35a7f62114c3c3f32915601f1a8ce9ec0e
assets/uploads/239a81348a6b836942e8bac046912bba.jpg	100714	655d237f77d60254d417be08a56237af0f6bd6afde2c58621f55bbe17574057f
assets/uploads/den-otkrytyh-dverej/den-otkrytyh-dverej-1.png	969478	d2c3a0c52ec9eddfc9ac76a5523ceac4cd7dfa031c5a57c9032bdea8d9b2c56b
assets/uploads/i.jpeg	214789	2a746b9e6d8e2bf84a3d525e30e2601134293366e500b647e471fcf374e8f32c
assets/uploads/mezhdunarodnoe/международное-и-межрегиональное-сотрудничество-3-02-21-1.jpg	147415	85ea3d60acab8ff0c072f64544bdaf1a2da9a890ce3859868bce455a8586e4fb
assets/uploads/mezhdunarodnoe/международное-и-межрегиональное-сотрудничество-3-02-21-2.jpg	317645	76acf60dfda1426f2d8569ba159e5de7e1bf48630c0aa3d59235ff86f865cdf5
assets/uploads/mezhdunarodnoe/международное-и-межрегиональное-сотрудничество-3-02-21-3.jpg	297948	24e12d416b1d2ebed6bcc210172ebfa815c539a9f51dd112797cc5d5cb43ca33
assets/uploads/mezhdunarodnoe/международное-и-межрегиональное-сотрудничество-3-02-21-4.jpg	151343	7b5a6fd1f899b48cafc6409c003134efc2501bdf32a40860ff4fc53c709b9610
assets/uploads/mezhdunarodnoe/международное-и-межрегиональное-сотрудничество-3-02-21-5.jpg	145686	e8b33e0373610e14efbbca9df33dfb647a28f15f58524b7a80710056117447fc
assets/uploads/mezhdunarodnoe/международное-и-межрегиональное-сотрудничество-3-02-21-6.jpg	103070	0a259333e4461840c8eb86b75f65d1c6581c107ca7f52eb7261340692e05fd25
assets/uploads/mezhdunarodnoe/международное-и-межрегиональное-сотрудничество-3-02-21-7.jpg	240483	dcc9725340f5fbaadf93cccb50b922171b6cbfc6ff470367d6d2232e80b35748
assets/uploads/mezhdunarodnoe/международное-и-межрегиональное-сотрудничество-3-02-21-8.jpg	109205	2a5880e16f097d81ad05269776515e4bfd2233f19145eb42c7de3d7d3499c0f6
assets/uploads/mezhdunarodnoe/международное-и-межрегиональное-сотрудничество-3-02-21-9.jpg	110875	51fd18a67baa8f9888c920e89a4035af17f80a7c92506a9386d2bc0d1770abc3
assets/uploads/mto/main/Kabinet-bezopasnosti-zhiznedeyatelnosti.jpg	121653	4502c83dac40d16b3b73b333effbfcd0b1f50e41d8f8eadde01018aed808d37c
assets/uploads/mto/main/Kabinet-ekonomiki-menedzhmenta-finansov-denezhnogo-obrashcheniya-i-kredita.jpg	108448	9b1d51b679143106162ab3bf7e73903600889040b0bbe1f03a494721ccf57a26
assets/uploads/mto/main/Kabinet-fiziki-i-elektrotehniki.jpg	119012	fca955c5e7e7c22148697cd99bdb0ac452f64ea21adfe531546d6dda513f325f
assets/uploads/mto/main/Kabinet-himii-biologii.jpg	106119	da147912deae52a4c0040e9b8d1d8b5367510daadebb6242c263cc2a87f16c22
assets/uploads/mto/main/Kabinet-matematiki.jpg	116344	7992fa110d946d6c22ac5591d3808d84aed518d1c4b8bbf09c52bba4ead63c73
assets/uploads/mto/main/Kabinet-obshchih-gumanitarnyh-i-sotsialnyh-distsiplin.jpg	120093	9448ced3a67b211cf4e5e38d59aebb7df54ab75bf8b6d3755f5358f1cec77771
assets/uploads/mto/main/Kabinet-tehnologii-kulinarnogo-i-konditerskogo-proizvodstva.jpg	112028	e19a67a39067ea59c89d3643a52a495441e209c36f3323475d4459cc8f612892
assets/uploads/mto/main/Laboratoriya-buhgalterskogo-ucheta-nalogov-i-nalogooblozheniya-audita.jpg	88546	e45fa0f1c81c95ab016ee41a8d5002aba78de121ef5da88cfd47763ea27ce2c3
assets/uploads/mto/main/Laboratoriya-informatsionnyh-tehnologiy.jpg	97268	be7a36ce10e09daa5791948c7fa7091fd94bdc4110cf1349991a6dc78bd746be
assets/uploads/mto/main/MTO-2022-7.jpg	28066	9a613b57eb2822e820cc20e7cb0428663bdaa22f12e097ed7c45ff59609a09ce
assets/uploads/rukovodstvo/barabash.jpg	41255	dc48e69116dddaa5bc77b8e1624dfb500b3f7d3aeda3bea7c6f38e19df5253f3
assets/uploads/rukovodstvo/beznickaya.jpg	37456	6416ba7f3e18891e48c461e62f367ab3324e332220acd1c4ac7e4645c35c0e67
assets/uploads/rukovodstvo/korotya.jpg	20265	a62d9951d35bc1df41cf572a1e75b0103adbfe636c9bcb02b955224269d7eb0a
assets/uploads/rukovodstvo/krasnokutskaya.jpg	30906	7cebf3d88c0f7e0ffb770408d7817324ce99954a42c268beec131d8d2d8479fd
assets/uploads/rukovodstvo/lomaka.jpg	14955	bc0abb056f4265d0fd64ff521a73805e80a8b7eab9ebeaeb78ab879fff2a04da
assets/uploads/rukovodstvo/senchenko.jpeg	27676	cd54357915e70bfa9542706966596fc2ebb1a442e1cbabb309c1fca5221e1807
assets/uploads/rukovodstvo/shelestyan.jpg	25879	0d28f043e5e7ae45e3ea5a256632abd7964113b093a15299c7e81a0755a52c72
assets/uploads/rukovodstvo/yakimova.jpg	17278	74b34274fbdc194ffe22920ebcf9f8b5cc3a0713c5c4d02ca0d064d12c0eb4b0
assets/uploads/rukovodstvo/yarovoy.jpg	14139	3437d1469bd3477808845625ffae029da195810ea34436d3cf9af9a547c96a5d
assets/uploads/virtualnaya-ekskursiya/.gitkeep	0	e3b0c44298fc1c149afbf4c8996fb92427ae41e4649b934ca495991b7852b855
assets/uploads/virtualnaya-ekskursiya/WhatsApp-Image-2025-03-02-at-19.39.22-300x225.jpeg	19180	6151d4dcfd5ede9f02eacf6f124c75b9306316c3f570a8906d9975aafcd8f0f3
assets/uploads/virtualnaya-ekskursiya/WhatsApp-Image-2025-03-02-at-19.39.23-1-300x169.jpeg	13005	fae6bb10a1053c3117bb32a701b914456cf3d2c901bb4c8a8a07c067bbb46ab3
assets/uploads/virtualnaya-ekskursiya/WhatsApp-Image-2025-03-02-at-19.39.23-2-300x225.jpeg	15111	1fba996b8b3cdd21597409fa607b90b33f19b4ff2c34fb43596d70ed5b280625
assets/uploads/virtualnaya-ekskursiya/WhatsApp-Image-2025-03-02-at-19.39.23-225x300.jpeg	12971	63f03c2b9814edc2cd4e7a458b224b270082bedf960aa2c7ed52242ef11b6843
assets/uploads/virtualnaya-ekskursiya/WhatsApp-Image-2025-03-02-at-19.39.24-1-300x169.jpeg	12795	8f31f58519f76c1da0e8957c17d80ea9fe6fc703f001d634c7b75e94d62bd2c8
assets/uploads/virtualnaya-ekskursiya/WhatsApp-Image-2025-03-02-at-19.39.24-2-300x200.jpeg	13652	ebfc9548fb71df6f0e37b50ddd6326e292dd64e6c0f930672343acabccfac6c4
assets/uploads/virtualnaya-ekskursiya/WhatsApp-Image-2025-03-02-at-19.39.24-3-300x225.jpeg	18632	3c59054139fbf7c8ea2b59c30ea60285ec53b11e56b6f50f81997e06077d967a
assets/uploads/virtualnaya-ekskursiya/WhatsApp-Image-2025-03-02-at-19.39.24-300x226.jpeg	19146	d09ccd16ab245a52e5c23abf1d3044692a7448df18aaf532641601a536c48164
assets/uploads/virtualnaya-ekskursiya/WhatsApp-Image-2025-03-02-at-19.39.25-1-300x225.jpeg	13349	98b1ccc932d7520eec5ab96adf64c38e7ee7c15fb533a0b5d016e96c0c7ff81f
assets/uploads/virtualnaya-ekskursiya/WhatsApp-Image-2025-03-02-at-19.39.25-2-300x225.jpeg	18057	99d5b412f2598047d50821606d6e20cd098611c0b05ef11f4cc81bdf76625e16
assets/uploads/virtualnaya-ekskursiya/WhatsApp-Image-2025-03-02-at-19.39.25-3-300x225.jpeg	16778	267991d6782db75efefe755b3530ebb0378ef34e785785f05842d67e6dd8cdf4
assets/uploads/virtualnaya-ekskursiya/WhatsApp-Image-2025-03-02-at-19.39.25-300x200.jpeg	14310	e85e660d94601944f26d63444ef7d213cd987e8195d22d38b648f0cf7e4b63de
assets/uploads/virtualnaya-ekskursiya/WhatsApp-Image-2025-03-02-at-19.39.26-1-300x225.jpeg	17504	4a56e545851da30956d6dad03df20cf05d2d49201e001caf712048ffe535c570
assets/uploads/virtualnaya-ekskursiya/WhatsApp-Image-2025-03-02-at-19.39.26-2-300x225.jpeg	14729	1bb217bdbb0a3719ad387e1a950717d8e92192e02e550528768f0fd9848ec73c
assets/uploads/virtualnaya-ekskursiya/WhatsApp-Image-2025-03-02-at-19.39.26-300x225.jpeg	19294	5bb615bd9fd18dbfe52d05373b78e341246ccce83e22a07151f3da711060c7ea
assets/uploads/virtualnaya-ekskursiya/WhatsApp-Image-2025-03-02-at-19.39.27-1-226x300.jpeg	15590	978c0d012375c4d3bb8a3847e17338b5a44e755a3c4f30a807086fe193c02205
assets/uploads/virtualnaya-ekskursiya/WhatsApp-Image-2025-03-02-at-19.39.27-2-225x300.jpeg	15954	b04b2b9603d956f84e05bcb593a93950f5a7e91dafb44fc6bd53c31828a94ad3
assets/uploads/virtualnaya-ekskursiya/WhatsApp-Image-2025-03-02-at-19.39.27-3-225x300.jpeg	13426	5bd39b7f534f676852c87f0bb662fce4dc62270a2bd1e04ffa8cf36bfe81250a
assets/uploads/virtualnaya-ekskursiya/WhatsApp-Image-2025-03-02-at-19.39.27-300x225.jpeg	14598	7b1593d8125b8fa6fa32aacca542b92d1214fcd69fed2d5f19abc9413e925cc9
assets/uploads/virtualnaya-ekskursiya/WhatsApp-Image-2025-03-02-at-19.39.28-1-300x225.jpeg	13427	9bfedf4f06398e0d9aae07b8a86cfca109aed0323b5d8f084235a83397743635
assets/uploads/virtualnaya-ekskursiya/WhatsApp-Image-2025-03-02-at-19.39.28-2-300x225.jpeg	13533	1d40124744b1479bf19462085aafbcb9253c09d60afa2da1fe7b232dda75a998
assets/uploads/virtualnaya-ekskursiya/WhatsApp-Image-2025-03-02-at-19.39.28-300x225.jpeg	18612	ef5cd6e1fdc0c8a11fa8c373cab1862bc7576bffa46137cca48e330667248daf
assets/uploads/virtualnaya-ekskursiya/WhatsApp-Image-2025-03-02-at-19.39.29-1-225x300.jpeg	18567	78b210f10df4ce1c985a7c87422837a5905b88f7436fd81049a433499fe9870e
assets/uploads/virtualnaya-ekskursiya/WhatsApp-Image-2025-03-02-at-19.39.29-2-300x225.jpeg	18691	eef329ac6447fd9a259784a0d52ba5269e98efe5c7be98541a078938ab57af7f
assets/uploads/virtualnaya-ekskursiya/WhatsApp-Image-2025-03-02-at-19.39.29-225x300.jpeg	23991	7b7b386a042cf5cb1d5d6782bee4d316907dee434f5a809afe450810ed7f5389
assets/uploads/virtualnaya-ekskursiya/WhatsApp-Image-2025-03-02-at-19.39.29-3-300x226.jpeg	14601	24bcdcc2175740a6d1bfb3f306e8105710a45675271be4deaa85aa97242b218e
assets/uploads/virtualnaya-ekskursiya/WhatsApp-Image-2025-03-02-at-19.39.30-1-300x200.jpeg	12464	8175c8ec5e6139646346f070b16d3864a42583f6ba730896ae5a21b303ec1c77
assets/uploads/virtualnaya-ekskursiya/WhatsApp-Image-2025-03-02-at-19.39.30-2-300x225.jpeg	18087	f15135cbb2b810014377b3228a0819180172a75d63c47b2619c2344d2cdb9c71
assets/uploads/virtualnaya-ekskursiya/WhatsApp-Image-2025-03-02-at-19.39.30-3-300x169.jpeg	11955	5c89fe7b89a2ba0ff631c92470a018bf77b9fd2570ed1ad1bbc13d7b7a506cb0
assets/uploads/virtualnaya-ekskursiya/WhatsApp-Image-2025-03-02-at-19.39.30-300x225.jpeg	11628	447c6f58b84c21fdec7ac58ff4d8fe67981ad7b0b99fa2de9a58628c50e0f9ee
assets/uploads/virtualnaya-ekskursiya/WhatsApp-Image-2025-03-02-at-19.39.31-1-300x225.jpeg	16030	d031151e33f54a468057939b97bce37042f1378de55762f9d434d9e3de72da47
assets/uploads/virtualnaya-ekskursiya/WhatsApp-Image-2025-03-02-at-19.39.31-2-300x169.jpeg	10437	256913c45e7d47be260f8cb267ef9870ee4b9f312247eeadad5772a33f7d5b62
assets/uploads/virtualnaya-ekskursiya/WhatsApp-Image-2025-03-02-at-19.39.32-2-300x169.jpeg	12974	f90a64fcb2fdc8d38c9e7e8aa5418d51818299ecf97346d894e60aa24da8d986
assets/uploads/virtualnaya-ekskursiya/WhatsApp-Image-2025-03-02-at-19.39.32-3-300x224.jpeg	16205	38fd9f869171dc442d12d3249786cc30273b729924c36889c2288d13fea92318
assets/uploads/virtualnaya-ekskursiya/WhatsApp-Image-2025-03-02-at-19.39.32-300x169.jpeg	14889	78202ba639f352aed71b69d080b958cea6c286437e1de46e88e857124579490c
assets/uploads/virtualnaya-ekskursiya/WhatsApp-Image-2025-03-02-at-19.39.33-1-300x225.jpeg	15996	9eabc0269c66cb6d1b5e305d3fd04400d275f9868ee638e8aed0d5a76338466d
assets/uploads/virtualnaya-ekskursiya/WhatsApp-Image-2025-03-02-at-19.39.33-2-300x169.jpeg	12883	52d6d78f0a3bb1be916fb10f865ca826728c9501dc22e2b075b7b06fb7f9ea0d
assets/uploads/virtualnaya-ekskursiya/WhatsApp-Image-2025-03-02-at-19.39.33-300x169.jpeg	12069	f7497ac1ec1554d7ba35533b71755b4da8339e4ab0a41ff2270d14c069d54ab8
assets/uploads/virtualnaya-ekskursiya/WhatsApp-Image-2025-03-02-at-19.39.34-1-300x135.jpeg	12383	cf1e4d9cffc39fa2642cc34a1ef7b0083e0e5ec023372bd4bf4ebad97b92fd74
assets/uploads/virtualnaya-ekskursiya/WhatsApp-Image-2025-03-02-at-19.39.34-2-300x183.jpeg	13322	b26bbd4760756753747c3a8b008f7ae1e91a1ce5a037110d6f6c74f3ff8feed9
assets/uploads/virtualnaya-ekskursiya/WhatsApp-Image-2025-03-02-at-19.39.34-3-200x300.jpeg	10809	827a5d355b0a742477b793d0c7d531af62fb14ea77dee7b4750ab85ee39f2d81
assets/uploads/virtualnaya-ekskursiya/WhatsApp-Image-2025-03-02-at-19.39.34-300x225.jpeg	17269	684d2fa1f93e65ad7a812a2ccd5072f4205df6f238776d1f685d0304ca217aa7
assets/uploads/virtualnaya-ekskursiya/WhatsApp-Image-2025-03-02-at-19.39.35-1-300x150.jpeg	13440	61d4ef521a33489685a76ed42c287ce0bcfccc85a7936b5612207f357a5d8ef7
assets/uploads/virtualnaya-ekskursiya/WhatsApp-Image-2025-03-02-at-19.39.35-2-300x200.jpeg	10736	5d535bb7e6b84ed611b2a58b6e11e1d9b7701f0f89ca9bd0a1560d3225ec4545
assets/uploads/virtualnaya-ekskursiya/WhatsApp-Image-2025-03-02-at-19.39.35-300x200.jpeg	9751	88e911af15c27f25a142663b062e1483bd92dd3f2c6e089539d67483f90956f5
assets/uploads/virtualnaya-ekskursiya/первая-300x225.jpeg	17093	66db45add0eb11544b94e2f7faea4c6bc949992fabd1b0eb724221cefc62cc3b
assets/uploads/vsoko/vsoko.jpg	98298	c16389f07d9b58d39e07932edba34dbc2057b66fd7831b9e16dc194264fa6d36
assets/uploads/Внимание-4.jpg	164515	5e30ee47482d5fd67c0a7e4322e3e4a5589e4101bd5acc15770f796a7b2fee63
assets/uploads/Слайд1.jpg	212368	0ae3d653a48084d38442e4aa7055a3a9b7c851a721ab29c335ddf304256932fe
assets/uploads/молодежь2016.jpg	123595	bd54a92ec329d40b5b96e28a5fdad020ba69ba0c0ac4e95c7fb37ab495b17f8f
assets/uploads/объявление.png	594554	abf0920c7f7df5e9bb703181e004fd47abfc54d1b6dcb87cee24b10971918660
assets/uploads/презентация-атп-2016-3.jpeg	79067	9a911e6cac74363dacf446e05f6fab2aad9cea0608c18db8dc6088ee28863457
assets/uploads/срро.jpg	48661	104a2cf35fa865d9fd080c1e8412e8e3b1be4ef79cdc6e7a0b4257c6bd40c581
assets/vendor/lunr/lunr.min.js	29510	0c50d9002b85780a842afffb567bb54ede402dae7c6dc5997a018614d8044fc8
assets/vendor/lunr/lunr.ru.js	19114	dcb5bbee18f742928488115c549cbbee30cef7ae04cd4c1b7f635fd97cf1244d
assets/vendor/lunr/lunr.stemmer.support.js	13504	9acfb121aae107828dc54f15cf779ef4a151cdaaade158be705a26e6e96ec618
images/banners/bpla.jpg	45274	84840aa9c70467ac36362d0bb334a552d8eeda5a5b64f8d22637a61335ca50dc
images/banners/bpla.webp	33246	cb75e43d022b81a3ed887e562309f26c527b3259d5ce801bfdd4878665ed4d36
images/banners/nok-2025.jpg	29737	c3293279df935ab9256579fdf95749591cce6bac744dc35d07432a92af3465c3
images/banners/nok-2025.webp	11240	4490d14ecbacffe7470eefebb59cb446cc95513cdb62cd070cd08f0d6607b205
images/banners/День-открытых-дверей-2-scaled.jpg	228345	2013b7e1be3f2d9d9dd9b4996d243782db2ff345b5a1bf48eb023cc720646e30
images/banners/День-открытых-дверей-2-scaled.webp	154994	bcd1d0a8d35b816e49f1de97d2acfdece59f26092ef6c14ac6ed99fea8a48522
images/fon/bg-02.svg	6981	3edef2c733fec6aa76e795cd1ffa74b1ea1740599f4fab94ddd9c7757098d286
images/fon/bg-03.svg	6985	bff111a847d24170b21483e1a9863cdd7bedbd3dcbb5a24776ad015c1beab1ed
images/ikonccilki/MCHS.webp	32216	6e53bfebb296a56804d685f03408b35817b4687466593d6d92307a340e332a96
images/ikonccilki/MNVO.webp	71954	a78d43fcf971ce3d7dc740989c0c5124a827b80c1968889c3c1e0592f467be96
images/ikonccilki/cropped-logo_rosobrnadzor-2.png	73953	cbb57305ff139038411c2cf9e4e3fc7461515a662c251398ae283f22a663a56a
images/ikonccilki/cropped-logo_rosobrnadzor-2.webp	18588	80fddf549a9c1b3642a4f792b599b74714b4f41512f52406352fdb6b89663b8c
images/ikonccilki/don-logo.svg	166923	9e69bc339341d387ff739ee97c4cb61138cdb187cc93cfae9e0585468c7490eb
images/ikonccilki/government.svg	11985	47bc5f7b2b3540118b8955f971588545dab9d6684415b34451bf6b33b476b699
images/ikonccilki/min-pr.webp	44362	6431cccbc71d3a2017c999ea67cb76fc43284073618fa60c1302bee50d2d2784
images/ikonccilki/min-tr.webp	22198	561ca816a379be371a62517d9e52ca9f195720e52756c9e1a85bad4424b5b08e
images/ikonccilki/pr-rf.webp	51400	2e135ca92642310aeab300d7ba0d8431e87d0d6627222d5fa5d1bac48404facd
images/ikonccilki/prok-rf.webp	42052	99a78389cf2ac6ab69a34e54dad094b3e37e534439f139769e59966126fbaa54
images/ikonccilki/rostrud.gov.svg	237495	ffe65e5b2cfbb688289ea07c30749c24643dc69c3d54fef256d706dd0395b391
images/ikonccilki/rtn.webp	40498	bdeb885e3e7083b8106ad623c3a9474f55a789c83b85cf424670b919eba08d39
images/ikonccilki/лого_мин_рост.png	239733	5d8984f5cf59ea4d6bd639f692656c31a352f14ea6c1d4a5957d4884da62a046
images/ikonccilki/лого_мин_рост.webp	92206	dcb381184c1628007668d9972b0c3aaf6825953c14d88e9dbaee009607dbcd04
images/logos/404.gif	379131	4ed142c64fd93dfcf9a58c8ff896f696300e25338687a714993f28adc3554c0b
images/logos/narodnyj-front-2025.png	127794	e99fe94fa54b623a2133ff16b7fe9dd3481fdd231284aac15a77b04381fc8e98
images/logos/narodnyj-front-2025.webp	17784	cc31306b9e0d59eae8e58f7e42541dc58e836e776f2fc050142d584d3926daf3
images/logos/nf-2025.png	135162	e5c8695d769ac1cfb552e1d35a2af294b5135c4b89a1aa747750eebff2b0ba86
images/logos/nf-2025.webp	18692	3a94be330deeedc0cbab3508fa51e3f778e97ba4eaea1b3166192ed94e980eb3
images/sliders/slider1.jpg	30043	d9407e1cbf3f1c0537d5a308b2107eece5b8939bdbe5cdd4849cffc22d1ddfc1
images/sliders/slider1.webp	14134	fcb78d2b575c546619f456fe74fcbb1bbe63e9a7a662cbb50dde44ffbad67f2f
robots.txt	1079	ef4e3e50af8c7e2c7d70523f08591320b373be1d0dbb1edb073cc7da1bfa15a9
search-index.json	79642	263f06d61dd775e6fee795eaa1d76e22494d052e46a77198d30411ade6a7b8c5
sitemap.xml	26766	c82e57ac0d7e91996c3a88b41dd936a5256983152b43f1497bd8974280dfde0a
styles/critical.css	7044	1ebc50a5c394a034595d08b13f0988581f0bac9fbd934649174f2443548e2083
styles/main.css	125484	51ce00deae54ef27dc5025f4aa2eec930be1d1ae52530c271fd54ff8bc25ad43
