url	file	bytes	sha256
/	index.html	83105	580aecd9689da50d0b372ab0d7d53d0d42a6bc94817eec1693bbfe7351e9c54e
/404.html	404.html	74946	b0c74f3b3e8c7d86c283b7473d9e51ce9f230c0486baddb1b7016c5b20b301f5
/abiturientam/	abiturientam/index.html	94571	23c7245df7cc084636c7106ad24d2c25b67565604568fc1d8d2a2e30073534e8
/abiturientam/den-otkrytyh-dverej/	abiturientam/den-otkrytyh-dverej/index.html	82615	1d2dd2b1ed00f4b849dba8cf461885496751c5d5e5d49d35d815adf0443c6a57
/abiturientam/kontakty-grafik/	abiturientam/kontakty-grafik/index.html	84814	a21c429f3f2d006ef3ec9d1344d848417d8ae5a7c8bca7f6471521c152f792e1
/abiturientam/platnaya-osnova/	abiturientam/platnaya-osnova/index.html	88565	7168cfe357aa3d2c94f9a1fb27bc8c88a8ca78ff1c7733d31a97be94f752bf8b
/abiturientam/podacha-elektronnaya-pochta/	abiturientam/podacha-elektronnaya-pochta/index.html	86573	b155f39f081c750bcd9da81d93b26d8e4dabdab658a0152db3de8c6a51335ac3
/abiturientam/podacha-pochtovaya-svyaz/	abiturientam/podacha-pochtovaya-svyaz/index.html	87206	85e61fa3045284c6d9e7be2ceecd843b25deb14a338a1c493101754770f74b96
/abiturientam/priemnaya-kampaniya-2026/	abiturientam/priemnaya-kampaniya-2026/index.html	97601	edb24c51cb33b0401ef88a4a71fda7525aa746c91933f0c960b0bddb78fbd429
/abiturientam/slovo-direktora/	abiturientam/slovo-direktora/index.html	91113	3ac53ae2646f085e7b8bf5926cb99b0f5f972387d892488390b4ce6ec060492b
/abiturientam/specialnosti/	abiturientam/specialnosti/index.html	114682	4ce9205e1a7a0022b214bae62d2513a4e051e951b20dad6aab8009e8567aa8be
/abiturientam/virtualnaya-ekskursiya/	abiturientam/virtualnaya-ekskursiya/index.html	122241	0c5b1857afbccbbde6facedff925c95f2549bcb69c51d43de4d335f9207596ca
/about/	about/index.html	100552	389c1daaa01857abc1429f02f5aaba7e9cbfda62691f7db48244aa961d563d6b
/admin/	admin/index.html	497	6a0066055bee12786646560c16979c834a26b41370c568086ad677e274adff3b
/bezopasnost/	bezopasnost/index.html	86061	9ed3c8360a3072d46f9be7a7ef8b5a701c548cdee914e48daca9ddafc8140378
/bezopasnost/antikorrupcija/	bezopasnost/antikorrupcija/index.html	130053	1b4c1408d4cdfceaa3dc25db05b9c3e3660cbebfbed21e66b92390bddb990c20
/bezopasnost/antinarko/	bezopasnost/antinarko/index.html	93137	362205700a109ed885d54fef17a51e6c31c4a9f2c43b34058a0b109ca1a37b32
/bezopasnost/extremizm/	bezopasnost/extremizm/index.html	94176	5d796c1d8ce3b0a87fc7d2ad10f7daaa6b73a13ca810e48f1c975b3f93e50592
/bezopasnost/pozharnaya/	bezopasnost/pozharnaya/index.html	88424	a4a054b12520d2dbee2369367bc997f3d4e1e3c1bdfb4c52808b2351a8046392
/consent/	consent/index.html	85764	642b75846fc1f5b621c478c40a9f92c15628f37565202ec2efcb9bb511199c5a
/contacts/	contacts/index.html	82274	a3062a704e348d47820ea513bec014fdf976ebafe729e44f1898ad06ad8ba380
/documents/	documents/index.html	84751	34ea1256747ba83a950f537e7dee8f501c038363014fa79666026d833179526e
/news/	news/index.html	92708	703326c09f746850be13f3ab5733d1d862aa5d782aeb28cb8b93c1f411e577a7
/news/den-pamyati-zhertv-genocida/	news/den-pamyati-zhertv-genocida/index.html	84246	0a7ddedcb8f78fc1e1a06ab935b50f686a206cc50268e316dbcc7f8d243e5241
/news/diktant-pobedy-2026/	news/diktant-pobedy-2026/index.html	86826	2dbb288cea184106f6d119a3c1319ad4baed769e0d433ae7c29f38c8d3ab0986
/news/intellektualniy-tyutor-ai/	news/intellektualniy-tyutor-ai/index.html	92440	32e04e23532c254f883d0efb51d4d0422667d9837e6c78ff0a22dd1c203a93d7
/news/ix-chteniya/	news/ix-chteniya/index.html	90432	ae1aeb8076b48f8209e34b4dfda2e9d71ecbb246405684bd63ff68614e8ab2af
/news/kontrakt/	news/kontrakt/index.html	86446	d84df477c50906c07fc07a2089680e62e60aa8ff980cd56fd3f15c7e38d863de
/news/kulich-konkurs/	news/kulich-konkurs/index.html	86647	e48581cc5fc36b245d05c13d9f777230005b7de73371ab468fe816f2091f5066
/news/lekcija-osvobozhdenie-salska/	news/lekcija-osvobozhdenie-salska/index.html	84437	7b4031732d82c856879884f3a853a4001dfe6c96192b02ed533d240914b977bc
/news/olimpiada-avtomatika/	news/olimpiada-avtomatika/index.html	86544	65168a8486526caa5be2b8ef3f37c7ac6281b3f214989c94bf2c543df5bb162c
/news/page/2/	news/page/2/index.html	90370	131c9fd52f1bfba3e4a94b112f5ac51f906b75841362d446c125600682748a49
/news/pobeda-za-nami/	news/pobeda-za-nami/index.html	84131	4e8d7c5c2bf1810125cc6cf0291a2217620346afc7f121cf683d281f4274bdd6
/news/razgovory-o-vazhnom/	news/razgovory-o-vazhnom/index.html	85717	5863aba5aabcf772554b05995212ebd10f394079f015c9283f996eb06723460b
/news/xxvi-donskoy-festival/	news/xxvi-donskoy-festival/index.html	84689	bd3d12ad5220279dd4ece2be00221192ea1e3997e24ecf7a04ec0ed3a987a86a
/obshestvennoe-mnenie/	obshestvennoe-mnenie/index.html	83692	de21a1500171c29fa57db913cd39fd73278fa7705825b742db9cb0d998b06e2a
/obshestvennoe-mnenie/anketa-roditelej/	obshestvennoe-mnenie/anketa-roditelej/index.html	83691	c31d15ea3fa22a509abcf3f41fee9e36db6d709702cadc3cf841c3886e0a3328
/obshestvennoe-mnenie/anketa-vypusknika/	obshestvennoe-mnenie/anketa-vypusknika/index.html	84024	097c2aee98ff9f1887e4877c22b7edf7b1c0160fabc4393156da6453697a3d4b
/privacy/	privacy/index.html	86379	139c786a7eb2fe65bb5231a1fd1f905ebf1a799a68b50c4985b95fd2df20edb2
/professionaly-2026/	professionaly-2026/index.html	93431	e33c2354ff1fe07cc048af51de982175c7c525dc37de7e57d7f5f20527dc2c7b
/psihologicheskoe/	psihologicheskoe/index.html	93480	e0c6bde2202432d86d483f4b6fa88549b9ff332d183963f57b2450fab276fab4
/psihologicheskoe/organizacionno-metodicheskaya/	psihologicheskoe/organizacionno-metodicheskaya/index.html	86397	f3ddc41b51610ed633537c4d98d57a41c32cdb6a13d98b031458b46dc2598674
/psihologicheskoe/podderzhka-ovz/	psihologicheskoe/podderzhka-ovz/index.html	87596	36f56d7af734d617805b931c6d54f51fdf3d109f3d8e83baa381cd4d6888db62
/psihologicheskoe/profilaktika-narkotikov/	psihologicheskoe/profilaktika-narkotikov/index.html	90118	363d7d51fec2e553469a99d329f8d658bd1ed24585b3c009a09af52f8fd3b702
/psihologicheskoe/rezultaty-testirovanij/	psihologicheskoe/rezultaty-testirovanij/index.html	84267	939f44e409b7072bcb4a3a5451474124647a3cadfeb6046ddeb74cf1583a80e9
/psihologicheskoe/sovety-prepodavatelyam/	psihologicheskoe/sovety-prepodavatelyam/index.html	89180	caba8593489b253de167c9344443f1aefbf7d10b2e7dc87ebdff102012148a73
/psihologicheskoe/sovety-roditelyam/	psihologicheskoe/sovety-roditelyam/index.html	85548	0203c1d3acfa1066dbce2dcaf959fff846744f1dd94fa406a986ef5d18c0e2c2
/psihologicheskoe/sovety-studentam/	psihologicheskoe/sovety-studentam/index.html	86168	6c85d6032d70e2e304b756998fd4603178204914ecec7c9996b1c9b1ab39037f
/search/	search/index.html	82629	37e2230de44c930afca26d7ca48a0fa01d4463c848c4a0845f46a5c8ff8ea658
/sotrudnichestvo/	sotrudnichestvo/index.html	86931	e73fb19e6fb05f2e22f6e9d41af98cc57655175e5c2424387d536bed1d9f9a02
/sotrudnichestvo/predprijatija/	sotrudnichestvo/predprijatija/index.html	83664	a19bee6917de13e433c118882e393be19e7f54aafeee55e685333229457dce61
/sotrudnichestvo/shkoly/	sotrudnichestvo/shkoly/index.html	82295	9d6ed44fd2e45afe22df26826eac6f7e74560c1b495e07efe70864dd23adacc0
/sotrudnichestvo/zanyatost/	sotrudnichestvo/zanyatost/index.html	84467	08b3c445c7a29cbd0cc84d74d4d5db4748f0edae95fb0494e1b1780985e8ce8b
/studentam-i-roditeljam/	studentam-i-roditeljam/index.html	86455	231549e472cbee602c66d9443b8a800971a1170efa488f98d03a231481610320
/studentam-i-roditeljam/biblioteka/	studentam-i-roditeljam/biblioteka/index.html	85374	7e25afb1ff99e10bb550b2cc1275ecedbbb0bcb651422ba803d51b9dd930b9ba
/studentam-i-roditeljam/prikaz-zachislenie/	studentam-i-roditeljam/prikaz-zachislenie/index.html	85255	5f492b8de88b33e2428bd86f4d6ff06317d14ef82d46b83aa712f8502ff0269e
/studentam-i-roditeljam/raspisanie/	studentam-i-roditeljam/raspisanie/index.html	84550	d441669acc46e3a405e72ba3a195df30472f401cf648f3cc64a04e490069d0ea
/studentam-i-roditeljam/resursy/	studentam-i-roditeljam/resursy/index.html	89746	9ac2f706f7d686bab195296a6eb2dddaa5cc8a1b5a2a2f04cfd1fa65d51fdbdc
/studentam-i-roditeljam/roditeljam/	studentam-i-roditeljam/roditeljam/index.html	91245	1234459c53bfc517150de88ac0a48636502505152fc296362ea6670db34ca8d8
/svedenija/	svedenija/index.html	104966	47bc4aebc9be18d2ee205c683c0b0a2275c996e89d4b0ac4a817f41a340cfc2e
/svedenija/access/	svedenija/access/index.html	94977	1f06d747fd35ffb3bb9022f8c8d473cf8199df1321157bbf90e925e707a38e9b
/svedenija/basic/	svedenija/basic/index.html	93169	c02bca6c9233f8e21bfe5c95667b64d103d883073aa203351411009cd05a6489
/svedenija/dokumenty/	svedenija/dokumenty/index.html	105189	d32641d425261e5a42df58c90c1efef605177ad9cef81a6980229589b826da56
/svedenija/dokumenty/anti-corruption/	svedenija/dokumenty/anti-corruption/index.html	133260	81040a211a118b0234072896a78ae04c8eab3a74deaf922616d454d57989d0c7
/svedenija/dokumenty/ustav/	svedenija/dokumenty/ustav/index.html	87867	c5e3ac1787afcaeb4be5851bf4666527a99184e0cd30e95f78cdb6c412316fea
/svedenija/dokumenty/vsoko/	svedenija/dokumenty/vsoko/index.html	106226	3e8b510d431a31645ce5ec7ca87612872e5c3930edadda6366ba2798572eb971
/svedenija/education/	svedenija/education/index.html	234297	647f74ac057efd48bf41b8638bd1bef94c6ebafc43cd9875db05ff5aae133e05
/svedenija/employees/	svedenija/employees/index.html	94082	e02dbe8a2a290f510a522598ca597ffb29d092e5a0b940033698818f16414d05
/svedenija/employees/pedagogicheskiy-sostav/	svedenija/employees/pedagogicheskiy-sostav/index.html	91890	02a2a3384b6765192d81b209b414ac176f8ca2fc66faede70c143448e874806d
/svedenija/employment/	svedenija/employment/index.html	104085	4769d3164ab2fdda43cc83b68dfed2d91fac880f2da35f0cbc16a6d907c6abef
/svedenija/finance/	svedenija/finance/index.html	101311	e2641b26439971321685c2bdafca7ae2f0e554a5113664396b492de27e56b4ce
/svedenija/mezhdunarodnoe/	svedenija/mezhdunarodnoe/index.html	98734	6c87e655d70bbf300ee280660316414e0d1d156e9d0030adc1dfad47681c37ab
/svedenija/objects/	svedenija/objects/index.html	104294	7171ea2d73485a9c045c9fea592f06508041db5c8dd05a7466e0840efe702b4f
/svedenija/paid-services/	svedenija/paid-services/index.html	91270	66a6da2ab803435e6ecade7b5e67f33d962f5be9859058fb09185afd9394d480
/svedenija/pitanie/	svedenija/pitanie/index.html	93145	00784145c861f6a7f20e617997f4547edd553c17c8eab8d29cef447b17f5f77b
/svedenija/rukovodstvo/pedagogicheskiy-sostav/	svedenija/rukovodstvo/pedagogicheskiy-sostav/index.html	676	a0d16bbd2ba387ae1071705b2ba470e1b7ba858cdbb0d7f70121dd95587b88d1
/svedenija/standards/	svedenija/standards/index.html	98214	40272721aa3a2e48e75e8877575bca0b343c1e16d2c06b3e828488e39e09dc8e
/svedenija/stipend/	svedenija/stipend/index.html	95985	18b9d07679e0f4abf67b41de02e18bde41333dce3a281fe517ef38acc149de7a
/svedenija/structure/	svedenija/structure/index.html	99769	c41cde286abf46d1c828615f066f7bfa7ee939e2174b20cda1af5fc59c355373
/svedenija/vacancies/	svedenija/vacancies/index.html	106752	cb10dd930f0fd869c5a2c9d845bbaac0102fcc16ae741de68a3bf32638db4518
/tags/	tags/index.html	86055	84b5bd90d671f6a8e146fa796e2c19560eeaa122b75f3108a7a998b9e715eb87
/tags/avtomatika/	tags/avtomatika/index.html	82794	58646be0d63ed8ecdbac94583053c1c5b94b8b71ab9052298bcbfef1ae2fda65
/tags/diktant-pobedy/	tags/diktant-pobedy/index.html	82744	890a21e95b78ed4ef412bb0986b5d65d1e9b9ed44305291dadad8dcab212bf3e
/tags/festival/	tags/festival/index.html	82561	d85728d3030886750ba82a97fb685074452ead4b81a0f776c6d2afa8baaf6ba9
/tags/gravitaciya2026/	tags/gravitaciya2026/index.html	83160	404670b0d282f45e8364f50c7cafca0522dc1a20dddaad111ce491e93d01880b
/tags/innovacii/	tags/innovacii/index.html	83010	4d6ea7f2dccc70b2b56ec79a076560c299c7834d72ddbac5a3b7d64e214133fc
/tags/iskusstvennyj-intellekt/	tags/iskusstvennyj-intellekt/index.html	83823	1c50887bf4700e3403c5209afa4f1ea0a6a72911ee98d190df112a56db226ca1
/tags/konkurs/	tags/konkurs/index.html	82505	5ff8f041e5aadc6bded68ab280094144e48991e8f8410452fada1e4438f0c929
/tags/kontrakt/	tags/kontrakt/index.html	82454	d308822f2420a4fefe3e0056ad7310aa9bec005eeefc1132f909b845d594c355
/tags/kraevedenie/	tags/kraevedenie/index.html	82355	f45cac2aa5d2f4fea06616e1711b43bef3392c006f122c2456994f3148e6be7a
/tags/lekciya/	tags/lekciya/index.html	82437	934d448de310c1c525e681b83fdda57ee3a5e72a9c02dcb611c1d82d282121cb
/tags/meropriyatiya/	tags/meropriyatiya/index.html	82603	7065eaf16451d7e990f157df3ff8a5503732a5b6c1142f8af9b279d818c8a07d
/tags/mezhdunarodnoe-sotrudnichestvo/	tags/mezhdunarodnoe-sotrudnichestvo/index.html	83360	4582eba37b01e9f528a7e39b27e58997ccb33af23a9e560e23ff1082a896eb2a
/tags/narodnyj-front/	tags/narodnyj-front/index.html	82254	a3741158026118e0fba0eb8b26f994f9b6c73f42fc93f349f2239ddc09bdfa20
/tags/obrazovanie/	tags/obrazovanie/index.html	84392	8eee89db3dcb4fab35fca174242937e51618d036b3eb7004b2b855aee3456ca8
/tags/olimpiada/	tags/olimpiada/index.html	82734	68f2d1e1efd2625977903aea11c6d9057ae9b97dc3f686d1ebd0ce85c71fbd90
/tags/pamyat/	tags/pamyat/index.html	82420	62b078928c8713bdf033731fe6aaf17109a0770f8246c5417d1f689d684a5634
/tags/pasha/	tags/pasha/index.html	82385	70bc65107dbf3c518917ab10a4774b8ccdab1270296349777026558a13509812
/tags/patriotizm/	tags/patriotizm/index.html	82523	e4a3090b0e42c2e07e4c993d16de9b5079156aeb9708a36172b93f542d2cddcc
/tags/prezentacii/	tags/prezentacii/index.html	82745	9d2cdb230fa202f810fd90a991dcb700417e6e6df7884410a93ce532a65b672e
/tags/professionalnoe-masterstvo/	tags/professionalnoe-masterstvo/index.html	83781	cf3e4fa8fed04dd73e4f09be0c755fa664cd3e4573348d0f84ec3f7fccde9e4d
/tags/promyshlennost/	tags/promyshlennost/index.html	82763	98b2c7f8c616942ae0b0997180681c6ee5d6132ad400267ca0f62a3b12e7709f
/tags/razgovory-o-vazhnom/	tags/razgovory-o-vazhnom/index.html	82955	2364d9445ecca6f5691c556b67b9530f57182e5a59839d0dc620fa6c8107282b
/tags/spo/	tags/spo/index.html	82650	4acec2add5b748f5dd316448f40dc8055f325a48d3593b4ea16fafff0e275b17
/tags/studentam-i-roditelyam/	tags/studentam-i-roditelyam/index.html	83186	1ab719a5863bdda089587b65cc6d07b4a2ca01a1a7afecf7e1287a4149ea57d2
/tags/tradicii/	tags/tradicii/index.html	82565	645a4514532ee8a25debd574a2d0cfa1ceea0910872bf5f216d603aeb8eeba17
/tags/velikaya-pobeda/	tags/velikaya-pobeda/index.html	88352	76db3b0c1620f03d836ed8e6584b056c4d473b460b69c64e59b7085b393784de
/tags/voennaya-sluzhba/	tags/voennaya-sluzhba/index.html	82799	93806bc5b42b69bee7239fb0279a9b70af6c92968d06df0cafae5575fbd99ead
/thank-you/	thank-you/index.html	83368	ec1c89d46ea069cfcca04730f6ba60571fa26835bb7dc6ce9afddf0e355ba164
/uchebno-metodicheskaja-rabota/	uchebno-metodicheskaja-rabota/index.html	90050	eda304b03522608156fd7eb054a41beca61e066a2df19dc3708b1814d704c48a
/uchebno-metodicheskaja-rabota/dopolnitelnoe-obrazovanie/	uchebno-metodicheskaja-rabota/dopolnitelnoe-obrazovanie/index.html	90036	be86f0d8ccebeebb556b7945fd6585da0f794d41a4da4309e9f19964412eff8e
/uchebno-metodicheskaja-rabota/elektronnoe-obuchenie/	uchebno-metodicheskaja-rabota/elektronnoe-obuchenie/index.html	89025	0007d2c9dce3af9d3ac96e272c4287afb3fb25102a4f58e58925e38c4457bd5e
/uchebno-metodicheskaja-rabota/praktika/	uchebno-metodicheskaja-rabota/praktika/index.html	92254	98735522ca64cb9bc7bb3a0c56184b9b7f5ff108120e97bd7ba4d5f03dbea809
/uncategorized/	uncategorized/index.html	110386	95330a833a7de4b133d54a7dc16c81a63659c83d431194442ce14d747cf81d43
/vospitanie/	vospitanie/index.html	102479	adce314f46ba5b00de29b523c4b2b3f71ea4004494aa7db045afd35b79cfdfa7
/vospitanie/dvizhenie-pervyh/	vospitanie/dvizhenie-pervyh/index.html	81040	e5ea0c4d2e17a452d6f9f5edc8632970c28422a1eeb3d0db9f0446d86c62adce
/vospitanie/fizkultura-sport/	vospitanie/fizkultura-sport/index.html	82740	81a992122f6833439cdc0ca32e424259c3ea7080fc35afcce86b4c7a69a23d70
/vospitanie/kulturno-massovaja/	vospitanie/kulturno-massovaja/index.html	82987	b2d6039982c6b7344941ebd2c00399d622bb4b6edacd455c718432281ed4fefe
/vospitanie/mediacentr/	vospitanie/mediacentr/index.html	83246	4c87d6d3b34b6787b7a9db5366d190232f7988ceda9a3569083e7ec1b90f584e
/vospitanie/mo-rukovoditelej/	vospitanie/mo-rukovoditelej/index.html	82811	eae303409bf03edc5e5571daace18af1be911a583f396e1a9f7c260c1fba69a8
/vospitanie/patrioticheskoe/	vospitanie/patrioticheskoe/index.html	82628	8ee23b815470a1f6186c1fda1291bd1460c7a293eb88a74a861e77ddec63cddf
/vospitanie/plan/	vospitanie/plan/index.html	82528	f5578b515211bc240844499c6d31741ebb8388f019c76ad5fb658c5a00adbdb6
/vospitanie/pozdravlenija/	vospitanie/pozdravlenija/index.html	82488	7f9bc97c4286b3f2250c650affd05eb737b3edd1dac709246f73b8702b0ba5e6
/vospitanie/raduga-dobra/	vospitanie/raduga-dobra/index.html	82911	4999aab9d35e4a47d4ee0533d380b4e85df3cae869199a5bf66b5742ce63f166
/vospitanie/samoupravlenie/	vospitanie/samoupravlenie/index.html	82165	351bb2e80183c84788437d76d5be58ee5d6b086efb49179e538e2aba290a87c8
/vospitanie/shtab/	vospitanie/shtab/index.html	81701	7a05844a0c694296d69199b7a6e344a22eadb091eef9d0b6f12cd39d0f7d3565
/vospitanie/ssk-avangard/	vospitanie/ssk-avangard/index.html	82454	73b78a8c48c55e96680b02dc79963e9e4bf142e37ad0a3d9ac2e2134794ada20
/vospitanie/teatralnyj-klub/	vospitanie/teatralnyj-klub/index.html	81918	f73ff737466ed8104af9cc3c925b874c7d2a95e6f12658686cdfc053bd557b25
/vospitanie/upolnomochennyj-prava/	vospitanie/upolnomochennyj-prava/index.html	83111	2cb49f7cf8a11ec231e92f84676ad19627818fcfa024cc302ee79d7ce3c8d94b
/vospitanie/velikaja-pobeda/	vospitanie/velikaja-pobeda/index.html	83828	8a9ff9bc52a409acea40bb604504cbc3f87127981f2a1177226c6818e8152b60
/vospitanie/vitjaz/	vospitanie/vitjaz/index.html	81694	cf9fa3070733925589283363a04ab2e49b9a6ce141cd1d151ba9fb1e3908ac15
/vospitanie/volonterstvo/	vospitanie/volonterstvo/index.html	83021	096da649fd5ef0eb3a7145ee1b249578ce7b739548c94d1b9adbb4b799960675
/vypusknikam/	vypusknikam/index.html	92349	e30c3a6554d556c0fc8f83baa669f26046eb5ebccbc04e49962d42541aa51f2e
/vypusknikam/blagodarnost-sojuza-rabotodatelej/	vypusknikam/blagodarnost-sojuza-rabotodatelej/index.html	105841	9c93f6750360f2bbe765466e2a3289aec83946028d54a7723f128b461697915f
/vypusknikam/bud-vostrebovannym/	vypusknikam/bud-vostrebovannym/index.html	105397	20fcf7a652814a197bdea792e69a11e2446a3ad6d30b17fdd1df6508cee9be4b
/vypusknikam/centr-karjery/	vypusknikam/centr-karjery/index.html	104844	fcc7f7d9757b1b5734b2ad74134e4b6b359989ad0e02975415ce9f62169b0377
/vypusknikam/centr-sodejstvija-trudoustrojstvu/	vypusknikam/centr-sodejstvija-trudoustrojstvu/index.html	83015	699280a53ba0bfc8891bf18d370599cbba2e213958029ac81916458857282b5e
/vypusknikam/den-otkrytyh-dverej-2015/	vypusknikam/den-otkrytyh-dverej-2015/index.html	103989	31529574a61b48b9d3741651aa2f26a3d4f80b206029e38546ae3fcfa6307a07
/vypusknikam/gosudarstvennaja-sluzhba/	vypusknikam/gosudarstvennaja-sluzhba/index.html	109075	e8447cb379b8287aeaa047e007c7eea378563926f2c71b26f70e5e8e93ef3da0
/vypusknikam/minoborony-nabor-kursantov/	vypusknikam/minoborony-nabor-kursantov/index.html	110009	c3b4f2defca388418818676066308c5bec6147deecdcd606610c132611c3bbef
/vypusknikam/molodoj-specialist/	vypusknikam/molodoj-specialist/index.html	108997	7a2a5b2f6e21e115bdfe42d7bd0373f6a8e3055fde79b7fe8a99dc9fd0b453ba
/vypusknikam/prezentacija-atp/	vypusknikam/prezentacija-atp/index.html	110505	425aa474b488898359e830d1990865982bc3d6f367da1cdf7a635006b942dbf3
/vypusknikam/vnimanie-ege/	vypusknikam/vnimanie-ege/index.html	104587	69080b7d9d2a2ae634292df1853b9dcf16db6b32ee57f3d2a6d7e983c8ae0ac2
/vypusknikam/yufu-nabor-studentov/	vypusknikam/yufu-nabor-studentov/index.html	109284	18b4a31564df1ec2967536ee23fdca8ecaa8b365e65535c4d0c7fe23fc5a0429
